ProductID,model
1383,除草剂
1384,除草剂
1448,除草剂
1449,除草剂
1467,除草剂
1468,除草剂
1574,除草剂
1575,除草剂
1592,除草剂
1593,除草剂
1627,除草剂
1628,除草剂
1406,除草剂
1407,除草剂
1408,除草剂
1409,除草剂
1410,除草剂
1411,除草剂
1412,除草剂
1413,除草剂
1414,除草剂
1415,除草剂
1416,除草剂
1417,除草剂
1418,除草剂
1419,除草剂
1420,除草剂
1086,除草剂
1450,除草剂
1451,除草剂
1465,除草剂
1470,除草剂
1471,除草剂
1486,除草剂
1487,除草剂
1489,除草剂
1491,除草剂
1492,除草剂
1493,除草剂
1494,除草剂
1583,除草剂
1585,除草剂
1735,除草剂
1916,除草剂
1987,除草剂
2009,除草剂
2293,除草剂
2402,除草剂
2403,除草剂
2420,除草剂
2421,除草剂
2422,除草剂
2427,除草剂
2445,除草剂
6857,除草剂
6861,除草剂
6876,除草剂
1317,除草剂
1339,除草剂
11521,除草剂
619,除草剂
818,除草剂
1313,除草剂
1314,除草剂
1322,除草剂
1323,除草剂
1324,除草剂
1326,除草剂
1340,除草剂
1341,除草剂
1342,除草剂
1343,除草剂
1344,除草剂
1456,除草剂
1457,除草剂
1473,除草剂
1474,除草剂
1477,除草剂
1836,除草剂
1837,除草剂
1841,除草剂
1844,除草剂
1878,除草剂
1880,除草剂
1882,除草剂
1895,除草剂
1905,除草剂
1907,除草剂
1920,除草剂
1921,除草剂
1923,除草剂
1949,除草剂
2085,除草剂
2089,除草剂
2091,除草剂
2092,除草剂
2093,除草剂
2107,除草剂
2108,除草剂
2109,除草剂
2428,除草剂
7572,除草剂
7846,除草剂
7847,除草剂
7848,除草剂
13006,除草剂
13052,除草剂
13053,除草剂
13054,除草剂
13055,除草剂
13056,除草剂
13164,除草剂
13308,除草剂
1057,除草剂
1061,除草剂
1062,除草剂
1063,除草剂
1064,除草剂
1091,除草剂
1092,除草剂
1131,除草剂
1132,除草剂
1658,除草剂
1662,除草剂
1663,除草剂
1667,除草剂
1668,除草剂
1674,除草剂
1679,除草剂
152,除草剂
371,除草剂
3426,除草剂
182,除草剂
364,除草剂
365,除草剂
366,除草剂
369,除草剂
370,除草剂
372,除草剂
373,除草剂
374,除草剂
375,除草剂
376,除草剂
377,除草剂
378,除草剂
379,除草剂
381,除草剂
382,除草剂
383,除草剂
384,除草剂
386,除草剂
387,除草剂
388,除草剂
393,除草剂
396,除草剂
3424,除草剂
3459,除草剂
3736,除草剂
3835,除草剂
3840,除草剂
3851,除草剂
3853,除草剂
3858,除草剂
3859,除草剂
3860,除草剂
4732,除草剂
4733,除草剂
4738,除草剂
4740,除草剂
4742,除草剂
4743,除草剂
4744,除草剂
4747,除草剂
4749,除草剂
4752,除草剂
4753,除草剂
4754,除草剂
4756,除草剂
4759,除草剂
4760,除草剂
4761,除草剂
4762,除草剂
4763,除草剂
4765,除草剂
4768,除草剂
4770,除草剂
4772,除草剂
4774,除草剂
4775,除草剂
8132,除草剂
8370,除草剂
648,除草剂
649,除草剂
654,除草剂
663,除草剂
665,除草剂
687,除草剂
689,除草剂
694,除草剂
696,除草剂
759,除草剂
1112,除草剂
1122,除草剂
1619,除草剂
2192,除草剂
2193,除草剂
2194,除草剂
2196,除草剂
2197,除草剂
2198,除草剂
5798,除草剂
5801,除草剂
5802,除草剂
638,除草剂
639,除草剂
640,除草剂
643,除草剂
645,除草剂
646,除草剂
660,除草剂
661,除草剂
666,除草剂
667,除草剂
668,除草剂
671,除草剂
674,除草剂
675,除草剂
676,除草剂
677,除草剂
678,除草剂
679,除草剂
1110,除草剂
1111,除草剂
1115,除草剂
1118,除草剂
1119,除草剂
1120,除草剂
1126,除草剂
1127,除草剂
1128,除草剂
1129,除草剂
2195,除草剂
2201,除草剂
2202,除草剂
2203,除草剂
4755,除草剂
4771,除草剂
5797,除草剂
5800,除草剂
5805,除草剂
5807,除草剂
5811,除草剂
5812,除草剂
5813,除草剂
9213,除草剂
13310,除草剂
4750,除草剂
4751,除草剂
392,除草剂
641,除草剂
683,除草剂
1378,除草剂
1379,除草剂
961,除草剂
1356,除草剂
1370,除草剂
1376,除草剂
1546,除草剂
1558,除草剂
1559,除草剂
2026,除草剂
2142,除草剂
6856,除草剂
7005,除草剂
7007,除草剂
7030,除草剂
7035,除草剂
7041,除草剂
7045,除草剂
7058,除草剂
7059,除草剂
7061,除草剂
7070,除草剂
1693,除草剂
1909,除草剂
1976,除草剂
2162,除草剂
11525,除草剂
1814,除草剂
1815,除草剂
1934,除草剂
1935,除草剂
1983,除草剂
2010,除草剂
2011,除草剂
6833,除草剂
6834,除草剂
1245,除草剂
1246,除草剂
1484,除草剂
1528,除草剂
1530,除草剂
1536,除草剂
1537,除草剂
1540,除草剂
1548,除草剂
1551,除草剂
1645,除草剂
1648,除草剂
1650,除草剂
1652,除草剂
1661,除草剂
1664,除草剂
1669,除草剂
1680,除草剂
1681,除草剂
1749,除草剂
1979,除草剂
1982,除草剂
1984,除草剂
1986,除草剂
2024,除草剂
2154,除草剂
2199,除草剂
2411,除草剂
2435,除草剂
2436,除草剂
2437,除草剂
2443,除草剂
6808,除草剂
6813,除草剂
6816,除草剂
6850,除草剂
6927,除草剂
6969,除草剂
7014,除草剂
7034,除草剂
7054,除草剂
7055,除草剂
7065,除草剂
960,除草剂
1362,除草剂
1372,除草剂
1373,除草剂
1374,除草剂
37,除草剂
39,除草剂
40,除草剂
43,除草剂
44,除草剂
45,除草剂
46,除草剂
47,除草剂
48,除草剂
49,除草剂
52,除草剂
748,除草剂
749,除草剂
750,除草剂
751,除草剂
752,除草剂
753,除草剂
754,除草剂
755,除草剂
756,除草剂
757,除草剂
895,除草剂
896,除草剂
897,除草剂
898,除草剂
899,除草剂
900,除草剂
901,除草剂
902,除草剂
903,除草剂
958,除草剂
1293,除草剂
1299,除草剂
1300,除草剂
1301,除草剂
1307,除草剂
1328,除草剂
1332,除草剂
1333,除草剂
1334,除草剂
1347,除草剂
1348,除草剂
1349,除草剂
1350,除草剂
1689,除草剂
1696,除草剂
1707,除草剂
1709,除草剂
1729,除草剂
1731,除草剂
1732,除草剂
1733,除草剂
1802,除草剂
1803,除草剂
1804,除草剂
1813,除草剂
1816,除草剂
1910,除草剂
1912,除草剂
1913,除草剂
1977,除草剂
1978,除草剂
1990,除草剂
1991,除草剂
1992,除草剂
1993,除草剂
1994,除草剂
2014,除草剂
2015,除草剂
2018,除草剂
2021,除草剂
2023,除草剂
2131,除草剂
2136,除草剂
2146,除草剂
2151,除草剂
2156,除草剂
2158,除草剂
2166,除草剂
6814,除草剂
6920,除草剂
6922,除草剂
6923,除草剂
6930,除草剂
6933,除草剂
6935,除草剂
6944,除草剂
6952,除草剂
6977,除草剂
6987,除草剂
6998,除草剂
7018,除草剂
7020,除草剂
7021,除草剂
7028,除草剂
7038,除草剂
7051,除草剂
1361,除草剂
1368,除草剂
2147,除草剂
2153,除草剂
6926,除草剂
6928,除草剂
6957,除草剂
6962,除草剂
6973,除草剂
7004,除草剂
7019,除草剂
7024,除草剂
9711,除草剂
2638,杀虫剂
4162,杀虫剂
8547,杀虫剂
11158,杀虫剂
290,杀虫剂
294,杀虫剂
295,杀虫剂
296,杀虫剂
299,杀虫剂
300,杀虫剂
302,杀虫剂
305,杀虫剂
2515,杀虫剂
2529,杀虫剂
2538,杀虫剂
2540,杀虫剂
2541,杀虫剂
2560,杀虫剂
2561,杀虫剂
2565,杀虫剂
2568,杀虫剂
2569,杀虫剂
2570,杀虫剂
2572,杀虫剂
2579,杀虫剂
2581,杀虫剂
2591,杀虫剂
2593,杀虫剂
2594,杀虫剂
2598,杀虫剂
2599,杀虫剂
2615,杀虫剂
2639,杀虫剂
2647,杀虫剂
2672,杀虫剂
2674,杀虫剂
2676,杀虫剂
2690,杀虫剂
2699,杀虫剂
2700,杀虫剂
2701,杀虫剂
2705,杀虫剂
2706,杀虫剂
2735,杀虫剂
2765,杀虫剂
2781,杀虫剂
2786,杀虫剂
2794,杀虫剂
2795,杀虫剂
2809,杀虫剂
2814,杀虫剂
2827,杀虫剂
2853,杀虫剂
2859,杀虫剂
2864,杀虫剂
2903,杀虫剂
2924,杀虫剂
2942,杀虫剂
2961,杀虫剂
2966,杀虫剂
3070,杀虫剂
3110,杀虫剂
3113,杀虫剂
3142,杀虫剂
3156,杀虫剂
3161,杀虫剂
3170,杀虫剂
3232,杀虫剂
3342,杀虫剂
4085,杀虫剂
4089,杀虫剂
4092,杀虫剂
4095,杀虫剂
4096,杀虫剂
4102,杀虫剂
4106,杀虫剂
4110,杀虫剂
4118,杀虫剂
4119,杀虫剂
4120,杀虫剂
4126,杀虫剂
4129,杀虫剂
4130,杀虫剂
4131,杀虫剂
4132,杀虫剂
4133,杀虫剂
4135,杀虫剂
4138,杀虫剂
4140,杀虫剂
4141,杀虫剂
4142,杀虫剂
4143,杀虫剂
4144,杀虫剂
4145,杀虫剂
4146,杀虫剂
4149,杀虫剂
4150,杀虫剂
4152,杀虫剂
4153,杀虫剂
4155,杀虫剂
4156,杀虫剂
4158,杀虫剂
4159,杀虫剂
4160,杀虫剂
4164,杀虫剂
4169,杀虫剂
4172,杀虫剂
4173,杀虫剂
4176,杀虫剂
4179,杀虫剂
4181,杀虫剂
4183,杀虫剂
4187,杀虫剂
4191,杀虫剂
4192,杀虫剂
4193,杀虫剂
4194,杀虫剂
4195,杀虫剂
4199,杀虫剂
4206,杀虫剂
4207,杀虫剂
4209,杀虫剂
4212,杀虫剂
4217,杀虫剂
4222,杀虫剂
4223,杀虫剂
4225,杀虫剂
4227,杀虫剂
4228,杀虫剂
4229,杀虫剂
4237,杀虫剂
4238,杀虫剂
4242,杀虫剂
4247,杀虫剂
4254,杀虫剂
4255,杀虫剂
4260,杀虫剂
4263,杀虫剂
4266,杀虫剂
4267,杀虫剂
4268,杀虫剂
4270,杀虫剂
4272,杀虫剂
4274,杀虫剂
4275,杀虫剂
4279,杀虫剂
4280,杀虫剂
4285,杀虫剂
4286,杀虫剂
4288,杀虫剂
4289,杀虫剂
4296,杀虫剂
4302,杀虫剂
4305,杀虫剂
4308,杀虫剂
4320,杀虫剂
4322,杀虫剂
4331,杀虫剂
4338,杀虫剂
4340,杀虫剂
4341,杀虫剂
4342,杀虫剂
4349,杀虫剂
4353,杀虫剂
4354,杀虫剂
4356,杀虫剂
4360,杀虫剂
4365,杀虫剂
4366,杀虫剂
4367,杀虫剂
4368,杀虫剂
4372,杀虫剂
4377,杀虫剂
4379,杀虫剂
4387,杀虫剂
4390,杀虫剂
4391,杀虫剂
4392,杀虫剂
4396,杀虫剂
4400,杀虫剂
4401,杀虫剂
4403,杀虫剂
4405,杀虫剂
4406,杀虫剂
4408,杀虫剂
4410,杀虫剂
4417,杀虫剂
4418,杀虫剂
4422,杀虫剂
4423,杀虫剂
4429,杀虫剂
4430,杀虫剂
4434,杀虫剂
4435,杀虫剂
4436,杀虫剂
4438,杀虫剂
4441,杀虫剂
4444,杀虫剂
4447,杀虫剂
4448,杀虫剂
4452,杀虫剂
4455,杀虫剂
4459,杀虫剂
4470,杀虫剂
4473,杀虫剂
4477,杀虫剂
4486,杀虫剂
4488,杀虫剂
4489,杀虫剂
4494,杀虫剂
4496,杀虫剂
4498,杀虫剂
4499,杀虫剂
4500,杀虫剂
4508,杀虫剂
4510,杀虫剂
4517,杀虫剂
4519,杀虫剂
4523,杀虫剂
4529,杀虫剂
4534,杀虫剂
4540,杀虫剂
4546,杀虫剂
4548,杀虫剂
4549,杀虫剂
4551,杀虫剂
4552,杀虫剂
4559,杀虫剂
4562,杀虫剂
4564,杀虫剂
4593,杀虫剂
4594,杀虫剂
4611,杀虫剂
4614,杀虫剂
4624,杀虫剂
4626,杀虫剂
4648,杀虫剂
4654,杀虫剂
4658,杀虫剂
4847,杀虫剂
4849,杀虫剂
4873,杀虫剂
4893,杀虫剂
4894,杀虫剂
4895,杀虫剂
4903,杀虫剂
4904,杀虫剂
4906,杀虫剂
4909,杀虫剂
4918,杀虫剂
4921,杀虫剂
4928,杀虫剂
4936,杀虫剂
4954,杀虫剂
4968,杀虫剂
4969,杀虫剂
4989,杀虫剂
5009,杀虫剂
5011,杀虫剂
5014,杀虫剂
5030,杀虫剂
5039,杀虫剂
5042,杀虫剂
5053,杀虫剂
5074,杀虫剂
5098,杀虫剂
5144,杀虫剂
5187,杀虫剂
5189,杀虫剂
5192,杀虫剂
5202,杀虫剂
5211,杀虫剂
5219,杀虫剂
5224,杀虫剂
5235,杀虫剂
5255,杀虫剂
5256,杀虫剂
5257,杀虫剂
5466,杀虫剂
5497,杀虫剂
5505,杀虫剂
5533,杀虫剂
5545,杀虫剂
5566,杀虫剂
5592,杀虫剂
5594,杀虫剂
5599,杀虫剂
5646,杀虫剂
5900,杀虫剂
5905,杀虫剂
5914,杀虫剂
5915,杀虫剂
5919,杀虫剂
5935,杀虫剂
5988,杀虫剂
5991,杀虫剂
5992,杀虫剂
6024,杀虫剂
6036,杀虫剂
6051,杀虫剂
7568,杀虫剂
8534,杀虫剂
8540,杀虫剂
8586,杀虫剂
8675,杀虫剂
8703,杀虫剂
9982,杀虫剂
9984,杀虫剂
10008,杀虫剂
10148,杀虫剂
10222,杀虫剂
10321,杀虫剂
10363,杀虫剂
10364,杀虫剂
10368,杀虫剂
10499,杀虫剂
10572,杀虫剂
10681,杀虫剂
10701,杀虫剂
10807,杀虫剂
10959,杀虫剂
11102,杀虫剂
11113,杀虫剂
11884,杀虫剂
13320,杀虫剂
35,除草剂
615,除草剂
815,除草剂
1834,除草剂
1917,除草剂
2171,除草剂
38,除草剂
616,除草剂
817,除草剂
1138,除草剂
1295,除草剂
1316,除草剂
1337,除草剂
1402,除草剂
1423,除草剂
1524,除草剂
1525,除草剂
1582,除草剂
1690,除草剂
1716,除草剂
1718,除草剂
1737,除草剂
1738,除草剂
1739,除草剂
1766,除草剂
1838,除草剂
1845,除草剂
1855,除草剂
1856,除草剂
1857,除草剂
1860,除草剂
1870,除草剂
1873,除草剂
1902,除草剂
1903,除草剂
1906,除草剂
1922,除草剂
1924,除草剂
1926,除草剂
1945,除草剂
1953,除草剂
1962,除草剂
1964,除草剂
2029,除草剂
2079,除草剂
2087,除草剂
2090,除草剂
2105,除草剂
2333,除草剂
2406,除草剂
6870,除草剂
6875,除草剂
6919,除草剂
1315,除草剂
1327,除草剂
1338,除草剂
1345,除草剂
1358,除草剂
1459,除草剂
1462,除草剂
1480,除草剂
1481,除草剂
1522,除草剂
1523,除草剂
1616,除草剂
1631,除草剂
1641,除草剂
1642,除草剂
1687,除草剂
1750,除草剂
1751,除草剂
1752,除草剂
1820,除草剂
1821,除草剂
1822,除草剂
1839,除草剂
1840,除草剂
1846,除草剂
1847,除草剂
1849,除草剂
1850,除草剂
1852,除草剂
1853,除草剂
1854,除草剂
1865,除草剂
1875,除草剂
1879,除草剂
1881,除草剂
1883,除草剂
1884,除草剂
1885,除草剂
1894,除草剂
1896,除草剂
1901,除草剂
1908,除草剂
1927,除草剂
1942,除草剂
1947,除草剂
1948,除草剂
1950,除草剂
1952,除草剂
1954,除草剂
1955,除草剂
1956,除草剂
1957,除草剂
1958,除草剂
1959,除草剂
1960,除草剂
1961,除草剂
2017,除草剂
2033,除草剂
2081,除草剂
2082,除草剂
2083,除草剂
2086,除草剂
2088,除草剂
2094,除草剂
2095,除草剂
2096,除草剂
2097,除草剂
2098,除草剂
2099,除草剂
2100,除草剂
2103,除草剂
2104,除草剂
2106,除草剂
2139,除草剂
2320,除草剂
2431,除草剂
7839,除草剂
7952,除草剂
7958,除草剂
8010,除草剂
1133,除草剂
1237,除草剂
1247,除草剂
1283,除草剂
1694,除草剂
1695,除草剂
1702,除草剂
1712,除草剂
1725,除草剂
1741,除草剂
1744,除草剂
2130,除草剂
2163,除草剂
2164,除草剂
2165,除草剂
2167,除草剂
2170,除草剂
7033,除草剂
1670,除草剂
1082,除草剂
1134,除草剂
1135,除草剂
1136,除草剂
1137,除草剂
1139,除草剂
1140,除草剂
1141,除草剂
1294,除草剂
1386,除草剂
1387,除草剂
1389,除草剂
1390,除草剂
1391,除草剂
1392,除草剂
1393,除草剂
1395,除草剂
1398,除草剂
1399,除草剂
1400,除草剂
1403,除草剂
1433,除草剂
1434,除草剂
1435,除草剂
1436,除草剂
1578,除草剂
1579,除草剂
1581,除草剂
1586,除草剂
1587,除草剂
1691,除草剂
1697,除草剂
1698,除草剂
1699,除草剂
1700,除草剂
1703,除草剂
1705,除草剂
1708,除草剂
1710,除草剂
1711,除草剂
1713,除草剂
1714,除草剂
1715,除草剂
1722,除草剂
1727,除草剂
1728,除草剂
1730,除草剂
1740,除草剂
1742,除草剂
1743,除草剂
1745,除草剂
1746,除草剂
2222,除草剂
2401,除草剂
2418,除草剂
2419,除草剂
6866,除草剂
6867,除草剂
6868,除草剂
6872,除草剂
6873,除草剂
1366,除草剂
1367,除草剂
1646,除草剂
1647,除草剂
1458,除草剂
1476,除草剂
1479,除草剂
1842,除草剂
1941,除草剂
1951,除草剂
220,除草剂
231,除草剂
232,除草剂
234,除草剂
237,除草剂
238,除草剂
240,除草剂
3421,除草剂
3422,除草剂
3423,除草剂
3425,除草剂
3429,除草剂
3431,除草剂
3442,除草剂
3443,除草剂
3444,除草剂
3445,除草剂
3446,除草剂
3448,除草剂
3452,除草剂
3455,除草剂
3456,除草剂
3464,除草剂
3466,除草剂
3467,除草剂
3469,除草剂
3479,除草剂
3480,除草剂
3483,除草剂
3485,除草剂
3487,除草剂
3495,除草剂
3496,除草剂
3497,除草剂
3499,除草剂
3501,除草剂
3504,除草剂
3509,除草剂
3512,除草剂
3517,除草剂
3519,除草剂
3524,除草剂
3525,除草剂
3527,除草剂
3529,除草剂
3531,除草剂
3534,除草剂
3545,除草剂
3546,除草剂
3549,除草剂
3551,除草剂
3554,除草剂
3556,除草剂
3562,除草剂
3565,除草剂
3575,除草剂
3577,除草剂
3578,除草剂
3582,除草剂
3585,除草剂
3588,除草剂
3591,除草剂
3616,除草剂
3621,除草剂
3648,除草剂
3653,除草剂
3656,除草剂
3659,除草剂
3662,除草剂
3665,除草剂
3668,除草剂
3670,除草剂
3674,除草剂
3681,除草剂
3691,除草剂
3693,除草剂
3707,除草剂
3708,除草剂
3713,除草剂
3716,除草剂
3717,除草剂
3718,除草剂
3722,除草剂
3723,除草剂
3727,除草剂
3730,除草剂
3731,除草剂
3739,除草剂
3744,除草剂
3748,除草剂
3758,除草剂
3763,除草剂
3766,除草剂
3771,除草剂
3773,除草剂
3774,除草剂
3775,除草剂
3781,除草剂
3782,除草剂
3783,除草剂
3785,除草剂
3791,除草剂
3793,除草剂
3794,除草剂
3795,除草剂
3797,除草剂
3798,除草剂
3801,除草剂
3804,除草剂
3806,除草剂
3809,除草剂
3812,除草剂
3815,除草剂
3829,除草剂
3849,除草剂
3854,除草剂
3856,除草剂
3865,除草剂
3867,除草剂
3870,除草剂
3873,除草剂
3880,除草剂
3883,除草剂
3899,除草剂
3903,除草剂
3909,除草剂
4050,除草剂
4051,除草剂
4052,除草剂
4053,除草剂
4054,除草剂
4055,除草剂
221,除草剂
235,除草剂
1075,除草剂
1305,除草剂
3427,除草剂
3432,除草剂
3433,除草剂
3435,除草剂
3451,除草剂
3457,除草剂
3461,除草剂
3463,除草剂
3468,除草剂
3470,除草剂
3476,除草剂
3486,除草剂
3492,除草剂
3500,除草剂
3502,除草剂
3503,除草剂
3522,除草剂
3532,除草剂
3535,除草剂
3536,除草剂
3538,除草剂
3547,除草剂
3550,除草剂
3552,除草剂
3567,除草剂
3570,除草剂
3580,除草剂
3587,除草剂
3589,除草剂
3607,除草剂
3626,除草剂
3628,除草剂
3629,除草剂
3630,除草剂
3635,除草剂
3638,除草剂
3647,除草剂
3667,除草剂
3671,除草剂
3679,除草剂
3687,除草剂
3690,除草剂
3694,除草剂
3695,除草剂
3698,除草剂
3732,除草剂
3735,除草剂
3745,除草剂
3752,除草剂
3760,除草剂
3764,除草剂
3776,除草剂
3778,除草剂
3780,除草剂
3789,除草剂
3792,除草剂
3799,除草剂
3808,除草剂
3813,除草剂
3822,除草剂
3845,除草剂
3868,除草剂
3882,除草剂
3884,除草剂
3890,除草剂
3900,除草剂
3911,除草剂
4010,除草剂
4011,除草剂
4012,除草剂
4013,除草剂
4014,除草剂
4015,除草剂
4016,除草剂
223,除草剂
224,除草剂
225,除草剂
314,植物生长调节剂
315,植物生长调节剂
320,植物生长调节剂
327,植物生长调节剂
329,植物生长调节剂
332,植物生长调节剂
339,植物生长调节剂
340,植物生长调节剂
997,植物生长调节剂
998,植物生长调节剂
999,植物生长调节剂
1000,植物生长调节剂
1001,植物生长调节剂
1002,植物生长调节剂
1003,植物生长调节剂
1004,植物生长调节剂
1005,植物生长调节剂
1006,植物生长调节剂
1007,植物生长调节剂
1008,植物生长调节剂
1009,植物生长调节剂
1010,植物生长调节剂
1011,植物生长调节剂
1012,植物生长调节剂
1013,植物生长调节剂
1014,植物生长调节剂
1015,植物生长调节剂
1016,植物生长调节剂
1017,植物生长调节剂
1018,植物生长调节剂
1019,植物生长调节剂
1020,植物生长调节剂
1021,植物生长调节剂
1022,植物生长调节剂
1023,植物生长调节剂
1024,植物生长调节剂
1025,植物生长调节剂
1026,植物生长调节剂
1027,植物生长调节剂
1028,植物生长调节剂
1029,植物生长调节剂
1030,植物生长调节剂
1031,植物生长调节剂
1032,植物生长调节剂
1033,植物生长调节剂
1034,植物生长调节剂
1035,植物生长调节剂
1036,植物生长调节剂
1037,植物生长调节剂
1038,植物生长调节剂
1039,植物生长调节剂
1040,植物生长调节剂
2204,植物生长调节剂
2205,植物生长调节剂
2206,植物生长调节剂
2207,植物生长调节剂
2208,植物生长调节剂
7485,植物生长调节剂
9387,植物生长调节剂
9388,植物生长调节剂
9389,植物生长调节剂
9390,植物生长调节剂
9391,植物生长调节剂
9392,植物生长调节剂
9393,植物生长调节剂
9394,植物生长调节剂
9395,植物生长调节剂
9396,植物生长调节剂
9397,植物生长调节剂
9398,植物生长调节剂
9399,植物生长调节剂
9400,植物生长调节剂
9401,植物生长调节剂
9402,植物生长调节剂
9403,植物生长调节剂
9404,植物生长调节剂
9405,植物生长调节剂
9406,植物生长调节剂
9407,植物生长调节剂
9408,植物生长调节剂
11437,植物生长调节剂
11438,植物生长调节剂
11439,植物生长调节剂
11440,植物生长调节剂
11441,植物生长调节剂
11442,植物生长调节剂
11443,植物生长调节剂
11444,植物生长调节剂
11445,植物生长调节剂
11446,植物生长调节剂
11447,植物生长调节剂
11448,植物生长调节剂
11449,植物生长调节剂
11450,植物生长调节剂
11451,植物生长调节剂
11452,植物生长调节剂
11453,植物生长调节剂
11454,植物生长调节剂
11455,植物生长调节剂
11456,植物生长调节剂
11457,植物生长调节剂
11458,植物生长调节剂
121,杀虫剂
122,杀虫剂
123,杀虫剂
124,杀虫剂
125,杀虫剂
126,杀虫剂
127,杀虫剂
128,杀虫剂
129,杀虫剂
130,杀虫剂
283,杀虫剂
284,杀虫剂
462,杀虫剂
463,杀虫剂
464,杀虫剂
465,杀虫剂
466,杀虫剂
467,杀虫剂
468,杀虫剂
469,杀虫剂
470,杀虫剂
471,杀虫剂
472,杀虫剂
473,杀虫剂
474,杀虫剂
475,杀虫剂
476,杀虫剂
477,杀虫剂
478,杀虫剂
479,杀虫剂
480,杀虫剂
481,杀虫剂
483,杀虫剂
484,杀虫剂
485,杀虫剂
486,杀虫剂
487,杀虫剂
488,杀虫剂
489,杀虫剂
490,杀虫剂
491,杀虫剂
492,杀虫剂
493,杀虫剂
578,杀虫剂
585,杀虫剂
586,杀虫剂
905,杀虫剂
906,杀虫剂
1603,杀虫剂
2447,杀虫剂
2448,杀虫剂
2449,杀虫剂
2450,杀虫剂
2451,杀虫剂
2457,杀虫剂
2464,杀虫剂
2465,杀虫剂
2468,杀虫剂
2469,杀虫剂
2472,杀虫剂
2474,杀虫剂
2478,杀虫剂
2479,杀虫剂
2480,杀虫剂
2481,杀虫剂
2488,杀虫剂
2492,杀虫剂
2501,杀虫剂
2503,杀虫剂
2536,杀虫剂
2542,杀虫剂
2551,杀虫剂
2562,杀虫剂
2588,杀虫剂
2600,杀虫剂
2611,杀虫剂
2619,杀虫剂
2626,杀虫剂
2631,杀虫剂
2640,杀虫剂
2641,杀虫剂
2655,杀虫剂
2656,杀虫剂
2657,杀虫剂
2671,杀虫剂
2683,杀虫剂
2694,杀虫剂
2698,杀虫剂
2703,杀虫剂
2710,杀虫剂
2711,杀虫剂
2714,杀虫剂
2716,杀虫剂
2720,杀虫剂
2731,杀虫剂
2743,杀虫剂
2746,杀虫剂
2747,杀虫剂
2751,杀虫剂
2755,杀虫剂
2761,杀虫剂
2767,杀虫剂
2769,杀虫剂
2788,杀虫剂
2802,杀虫剂
2815,杀虫剂
2817,杀虫剂
2818,杀虫剂
2830,杀虫剂
2832,杀虫剂
2840,杀虫剂
2855,杀虫剂
2860,杀虫剂
2872,杀虫剂
2877,杀虫剂
2879,杀虫剂
2882,杀虫剂
2883,杀虫剂
2886,杀虫剂
2887,杀虫剂
2889,杀虫剂
2891,杀虫剂
2892,杀虫剂
2893,杀虫剂
2896,杀虫剂
2901,杀虫剂
2904,杀虫剂
2908,杀虫剂
2909,杀虫剂
2910,杀虫剂
2911,杀虫剂
2917,杀虫剂
2919,杀虫剂
2932,杀虫剂
2934,杀虫剂
2945,杀虫剂
2947,杀虫剂
2949,杀虫剂
2950,杀虫剂
2951,杀虫剂
2953,杀虫剂
2954,杀虫剂
2956,杀虫剂
2958,杀虫剂
2959,杀虫剂
2964,杀虫剂
2965,杀虫剂
2969,杀虫剂
2970,杀虫剂
2973,杀虫剂
2975,杀虫剂
2976,杀虫剂
2978,杀虫剂
2980,杀虫剂
2987,杀虫剂
2994,杀虫剂
2999,杀虫剂
3002,杀虫剂
3003,杀虫剂
3004,杀虫剂
3008,杀虫剂
3012,杀虫剂
3013,杀虫剂
3016,杀虫剂
3018,杀虫剂
3025,杀虫剂
3027,杀虫剂
3028,杀虫剂
3029,杀虫剂
3030,杀虫剂
3032,杀虫剂
3033,杀虫剂
3036,杀虫剂
3048,杀虫剂
3054,杀虫剂
3062,杀虫剂
3063,杀虫剂
3066,杀虫剂
3067,杀虫剂
3069,杀虫剂
3072,杀虫剂
3076,杀虫剂
3078,杀虫剂
3080,杀虫剂
3081,杀虫剂
3082,杀虫剂
3085,杀虫剂
3087,杀虫剂
3088,杀虫剂
3091,杀虫剂
3092,杀虫剂
3096,杀虫剂
3097,杀虫剂
3098,杀虫剂
3099,杀虫剂
3101,杀虫剂
3103,杀虫剂
3106,杀虫剂
3109,杀虫剂
3112,杀虫剂
3115,杀虫剂
3117,杀虫剂
3118,杀虫剂
3119,杀虫剂
3120,杀虫剂
3121,杀虫剂
3122,杀虫剂
3124,杀虫剂
3126,杀虫剂
3127,杀虫剂
3131,杀虫剂
3133,杀虫剂
3134,杀虫剂
3135,杀虫剂
3137,杀虫剂
3138,杀虫剂
3141,杀虫剂
3143,杀虫剂
3145,杀虫剂
3146,杀虫剂
3147,杀虫剂
3149,杀虫剂
3150,杀虫剂
3154,杀虫剂
3158,杀虫剂
3162,杀虫剂
3163,杀虫剂
3166,杀虫剂
3168,杀虫剂
3172,杀虫剂
3173,杀虫剂
3175,杀虫剂
3176,杀虫剂
3178,杀虫剂
3181,杀虫剂
3184,杀虫剂
3187,杀虫剂
3190,杀虫剂
3194,杀虫剂
3196,杀虫剂
3198,杀虫剂
3207,杀虫剂
3213,杀虫剂
3216,杀虫剂
3222,杀虫剂
3223,杀虫剂
3237,杀虫剂
3244,杀虫剂
3250,杀虫剂
3256,杀虫剂
3264,杀虫剂
3269,杀虫剂
3272,杀虫剂
3291,杀虫剂
3296,杀虫剂
3348,杀虫剂
3360,杀虫剂
3361,杀虫剂
3370,杀虫剂
3371,杀虫剂
5380,杀虫剂
5381,杀虫剂
5382,杀虫剂
5383,杀虫剂
5384,杀虫剂
5385,杀虫剂
5386,杀虫剂
5387,杀虫剂
5388,杀虫剂
5389,杀虫剂
5390,杀虫剂
5391,杀虫剂
5392,杀虫剂
5394,杀虫剂
5395,杀虫剂
5396,杀虫剂
5397,杀虫剂
5398,杀虫剂
5399,杀虫剂
5400,杀虫剂
5401,杀虫剂
5402,杀虫剂
5403,杀虫剂
5404,杀虫剂
5407,杀虫剂
5408,杀虫剂
5411,杀虫剂
5413,杀虫剂
5414,杀虫剂
5415,杀虫剂
5416,杀虫剂
5419,杀虫剂
5423,杀虫剂
5426,杀虫剂
5431,杀虫剂
5432,杀虫剂
5433,杀虫剂
5437,杀虫剂
5438,杀虫剂
5441,杀虫剂
5442,杀虫剂
5443,杀虫剂
5444,杀虫剂
5445,杀虫剂
5446,杀虫剂
5448,杀虫剂
5452,杀虫剂
5453,杀虫剂
5456,杀虫剂
5457,杀虫剂
5458,杀虫剂
5459,杀虫剂
5460,杀虫剂
5461,杀虫剂
5462,杀虫剂
5464,杀虫剂
5475,杀虫剂
5495,杀虫剂
5502,杀虫剂
5532,杀虫剂
5539,杀虫剂
5560,杀虫剂
5568,杀虫剂
5578,杀虫剂
5584,杀虫剂
5602,杀虫剂
5604,杀虫剂
5606,杀虫剂
5608,杀虫剂
5609,杀虫剂
5611,杀虫剂
5614,杀虫剂
5615,杀虫剂
5617,杀虫剂
5618,杀虫剂
5620,杀虫剂
5621,杀虫剂
5624,杀虫剂
5627,杀虫剂
5631,杀虫剂
5632,杀虫剂
5633,杀虫剂
5634,杀虫剂
5650,杀虫剂
5659,杀虫剂
7708,杀虫剂
7709,杀虫剂
7711,杀虫剂
7712,杀虫剂
7714,杀虫剂
7715,杀虫剂
7717,杀虫剂
7718,杀虫剂
7719,杀虫剂
7720,杀虫剂
7721,杀虫剂
7724,杀虫剂
7725,杀虫剂
7727,杀虫剂
7728,杀虫剂
7730,杀虫剂
7731,杀虫剂
7734,杀虫剂
8444,杀虫剂
8445,杀虫剂
8446,杀虫剂
8447,杀虫剂
8448,杀虫剂
8449,杀虫剂
8450,杀虫剂
8452,杀虫剂
8454,杀虫剂
8456,杀虫剂
8458,杀虫剂
8459,杀虫剂
8462,杀虫剂
8464,杀虫剂
8467,杀虫剂
8468,杀虫剂
8470,杀虫剂
8471,杀虫剂
8472,杀虫剂
8473,杀虫剂
8476,杀虫剂
8477,杀虫剂
8480,杀虫剂
8499,杀虫剂
8502,杀虫剂
8539,杀虫剂
8555,杀虫剂
8564,杀虫剂
8580,杀虫剂
8592,杀虫剂
8647,杀虫剂
8654,杀虫剂
8678,杀虫剂
8679,杀虫剂
8688,杀虫剂
8691,杀虫剂
8699,杀虫剂
8702,杀虫剂
8706,杀虫剂
8719,杀虫剂
8721,杀虫剂
8727,杀虫剂
8733,杀虫剂
8736,杀虫剂
8739,杀虫剂
8741,杀虫剂
8742,杀虫剂
8744,杀虫剂
8748,杀虫剂
8751,杀虫剂
8757,杀虫剂
8759,杀虫剂
8772,杀虫剂
8776,杀虫剂
8779,杀虫剂
9056,杀虫剂
9057,杀虫剂
9451,杀虫剂
9452,杀虫剂
9455,杀虫剂
9456,杀虫剂
9457,杀虫剂
9458,杀虫剂
9462,杀虫剂
9464,杀虫剂
9467,杀虫剂
11093,杀虫剂
11094,杀虫剂
11160,杀虫剂
11231,杀虫剂
11260,杀虫剂
11289,杀虫剂
11293,杀虫剂
11298,杀虫剂
11307,杀虫剂
11315,杀虫剂
11332,杀虫剂
11511,杀虫剂
11736,杀虫剂
12111,杀虫剂
13374,杀虫剂
13737,杀虫剂
13738,杀虫剂
3395,杀菌剂
3398,杀菌剂
6089,杀菌剂
6091,杀菌剂
6092,杀菌剂
6097,杀菌剂
6101,杀菌剂
6105,杀菌剂
6109,杀菌剂
6110,杀菌剂
6111,杀菌剂
6113,杀菌剂
6114,杀菌剂
6116,杀菌剂
6119,杀菌剂
6121,杀菌剂
6123,杀菌剂
6126,杀菌剂
6127,杀菌剂
6128,杀菌剂
6129,杀菌剂
6132,杀菌剂
6134,杀菌剂
6135,杀菌剂
6140,杀菌剂
6141,杀菌剂
6143,杀菌剂
6146,杀菌剂
6148,杀菌剂
6155,杀菌剂
6158,杀菌剂
6159,杀菌剂
6163,杀菌剂
6164,杀菌剂
6168,杀菌剂
6169,杀菌剂
6173,杀菌剂
6174,杀菌剂
6180,杀菌剂
6185,杀菌剂
6192,杀菌剂
6193,杀菌剂
6199,杀菌剂
6204,杀菌剂
6207,杀菌剂
6209,杀菌剂
6210,杀菌剂
6211,杀菌剂
6213,杀菌剂
6215,杀菌剂
6217,杀菌剂
6221,杀菌剂
6226,杀菌剂
6230,杀菌剂
6235,杀菌剂
6237,杀菌剂
6240,杀菌剂
6243,杀菌剂
6246,杀菌剂
6248,杀菌剂
6249,杀菌剂
6251,杀菌剂
6264,杀菌剂
6271,杀菌剂
6273,杀菌剂
6277,杀菌剂
6281,杀菌剂
6284,杀菌剂
6291,杀菌剂
6294,杀菌剂
6295,杀菌剂
6296,杀菌剂
6298,杀菌剂
6299,杀菌剂
6300,杀菌剂
6301,杀菌剂
6302,杀菌剂
6304,杀菌剂
6305,杀菌剂
6307,杀菌剂
6313,杀菌剂
6322,杀菌剂
6365,杀菌剂
6389,杀菌剂
6409,杀菌剂
6438,杀菌剂
6447,杀菌剂
6511,杀菌剂
6537,杀菌剂
6573,杀菌剂
6574,杀菌剂
6575,杀菌剂
6576,杀菌剂
6577,杀菌剂
6578,杀菌剂
6579,杀菌剂
6580,杀菌剂
6581,杀菌剂
6582,杀菌剂
6583,杀菌剂
6584,杀菌剂
6585,杀菌剂
6586,杀菌剂
6587,杀菌剂
6588,杀菌剂
6589,杀菌剂
6590,杀菌剂
6591,杀菌剂
6592,杀菌剂
6593,杀菌剂
6594,杀菌剂
6595,杀菌剂
6596,杀菌剂
6597,杀菌剂
6598,杀菌剂
6599,杀菌剂
6647,杀菌剂
6648,杀菌剂
6658,杀菌剂
6659,杀菌剂
6660,杀菌剂
6661,杀菌剂
6662,杀菌剂
6663,杀菌剂
6664,杀菌剂
6665,杀菌剂
6666,杀菌剂
6667,杀菌剂
6668,杀菌剂
6669,杀菌剂
6670,杀菌剂
6705,杀菌剂
8420,杀菌剂
2660,杀虫剂
2724,杀虫剂
2948,杀虫剂
3068,杀虫剂
5601,杀虫剂
334,植物生长调节剂
337,植物生长调节剂
609,植物生长调节剂
610,植物生长调节剂
612,植物生长调节剂
1067,植物生长调节剂
1607,植物生长调节剂
1608,植物生长调节剂
2177,植物生长调节剂
2178,植物生长调节剂
2179,植物生长调节剂
2180,植物生长调节剂
2181,植物生长调节剂
2182,植物生长调节剂
2183,植物生长调节剂
2184,植物生长调节剂
2185,植物生长调节剂
2186,植物生长调节剂
2187,植物生长调节剂
2188,植物生长调节剂
2189,植物生长调节剂
2190,植物生长调节剂
2191,植物生长调节剂
7163,植物生长调节剂
98,杀虫剂
104,杀虫剂
106,杀虫剂
112,杀虫剂
120,杀虫剂
454,杀虫剂
458,杀虫剂
2833,杀虫剂
2834,杀虫剂
3159,杀虫剂
3188,杀虫剂
3192,杀虫剂
3193,杀虫剂
3205,杀虫剂
3206,杀虫剂
3210,杀虫剂
3212,杀虫剂
3214,杀虫剂
3215,杀虫剂
3217,杀虫剂
3218,杀虫剂
3219,杀虫剂
3220,杀虫剂
3221,杀虫剂
3225,杀虫剂
3230,杀虫剂
3238,杀虫剂
3242,杀虫剂
3245,杀虫剂
3246,杀虫剂
3253,杀虫剂
3258,杀虫剂
3262,杀虫剂
3263,杀虫剂
3266,杀虫剂
3270,杀虫剂
3276,杀虫剂
3278,杀虫剂
3279,杀虫剂
3282,杀虫剂
3283,杀虫剂
3284,杀虫剂
3285,杀虫剂
3286,杀虫剂
3287,杀虫剂
3288,杀虫剂
3293,杀虫剂
3294,杀虫剂
3298,杀虫剂
3301,杀虫剂
3307,杀虫剂
3308,杀虫剂
3316,杀虫剂
3317,杀虫剂
3321,杀虫剂
3326,杀虫剂
3328,杀虫剂
3329,杀虫剂
3330,杀虫剂
3333,杀虫剂
3334,杀虫剂
3343,杀虫剂
3344,杀虫剂
3346,杀虫剂
3352,杀虫剂
3353,杀虫剂
3357,杀虫剂
3359,杀虫剂
3364,杀虫剂
3366,杀虫剂
3367,杀虫剂
3368,杀虫剂
5467,杀虫剂
5605,杀虫剂
5630,杀虫剂
5635,杀虫剂
5639,杀虫剂
5640,杀虫剂
5641,杀虫剂
5648,杀虫剂
5649,杀虫剂
5653,杀虫剂
5654,杀虫剂
5656,杀虫剂
5658,杀虫剂
5660,杀虫剂
5661,杀虫剂
8482,杀虫剂
8766,杀虫剂
8769,杀虫剂
8777,杀虫剂
8786,杀虫剂
255,杀虫剂
4108,杀虫剂
4113,杀虫剂
4115,杀虫剂
4116,杀虫剂
4125,杀虫剂
4128,杀虫剂
4168,杀虫剂
4189,杀虫剂
4200,杀虫剂
4259,杀虫剂
4307,杀虫剂
4388,杀虫剂
4389,杀虫剂
4393,杀虫剂
4439,杀虫剂
4456,杀虫剂
4461,杀虫剂
4469,杀虫剂
4472,杀虫剂
4476,杀虫剂
4478,杀虫剂
4480,杀虫剂
4481,杀虫剂
4482,杀虫剂
4484,杀虫剂
4487,杀虫剂
4491,杀虫剂
4492,杀虫剂
4493,杀虫剂
4516,杀虫剂
4521,杀虫剂
4525,杀虫剂
4526,杀虫剂
4527,杀虫剂
4531,杀虫剂
4533,杀虫剂
4539,杀虫剂
4550,杀虫剂
4553,杀虫剂
4557,杀虫剂
4563,杀虫剂
4566,杀虫剂
4567,杀虫剂
4569,杀虫剂
4571,杀虫剂
4574,杀虫剂
4589,杀虫剂
4590,杀虫剂
4597,杀虫剂
4598,杀虫剂
4599,杀虫剂
4602,杀虫剂
4610,杀虫剂
4615,杀虫剂
4618,杀虫剂
4621,杀虫剂
4629,杀虫剂
4637,杀虫剂
4644,杀虫剂
4652,杀虫剂
4657,杀虫剂
4660,杀虫剂
4671,杀虫剂
4672,杀虫剂
4677,杀虫剂
4679,杀虫剂
4680,杀虫剂
5096,杀虫剂
5277,杀虫剂
5306,杀虫剂
5345,杀虫剂
5366,杀虫剂
9136,杀虫剂
9840,杀虫剂
10117,杀虫剂
10290,杀虫剂
1734,除草剂
1747,除草剂
1918,除草剂
1919,除草剂
1928,除草剂
1933,除草剂
1937,除草剂
1938,除草剂
1939,除草剂
1988,除草剂
1989,除草剂
2007,除草剂
2012,除草剂
2013,除草剂
6869,除草剂
6871,除草剂
7043,除草剂
2485,杀虫剂
2494,杀虫剂
2497,杀虫剂
2506,杀虫剂
2507,杀虫剂
2512,杀虫剂
2518,杀虫剂
2519,杀虫剂
2520,杀虫剂
2523,杀虫剂
2532,杀虫剂
2533,杀虫剂
2535,杀虫剂
2537,杀虫剂
2544,杀虫剂
2545,杀虫剂
2555,杀虫剂
2557,杀虫剂
2577,杀虫剂
2580,杀虫剂
2583,杀虫剂
2587,杀虫剂
2592,杀虫剂
2601,杀虫剂
2604,杀虫剂
2605,杀虫剂
2608,杀虫剂
2624,杀虫剂
2637,杀虫剂
2643,杀虫剂
2649,杀虫剂
2650,杀虫剂
2651,杀虫剂
2665,杀虫剂
2686,杀虫剂
2693,杀虫剂
2704,杀虫剂
2707,杀虫剂
2718,杀虫剂
2741,杀虫剂
2750,杀虫剂
2754,杀虫剂
2756,杀虫剂
2762,杀虫剂
2775,杀虫剂
2778,杀虫剂
2779,杀虫剂
2805,杀虫剂
2841,杀虫剂
2848,杀虫剂
2856,杀虫剂
2857,杀虫剂
2890,杀虫剂
2899,杀虫剂
2907,杀虫剂
2927,杀虫剂
2928,杀虫剂
2931,杀虫剂
2936,杀虫剂
2960,杀虫剂
2971,杀虫剂
2983,杀虫剂
3006,杀虫剂
3014,杀虫剂
3046,杀虫剂
3061,杀虫剂
3075,杀虫剂
3094,杀虫剂
3104,杀虫剂
3132,杀虫剂
3136,杀虫剂
3139,杀虫剂
3157,杀虫剂
3167,杀虫剂
3174,杀虫剂
3183,杀虫剂
3185,杀虫剂
3201,杀虫剂
3227,杀虫剂
3231,杀虫剂
3239,杀虫剂
3257,杀虫剂
3261,杀虫剂
3271,杀虫剂
3274,杀虫剂
3295,杀虫剂
3300,杀虫剂
3319,杀虫剂
3324,杀虫剂
3327,杀虫剂
3345,杀虫剂
3347,杀虫剂
3362,杀虫剂
5468,杀虫剂
5469,杀虫剂
5470,杀虫剂
5471,杀虫剂
5474,杀虫剂
5476,杀虫剂
5478,杀虫剂
5481,杀虫剂
5483,杀虫剂
5484,杀虫剂
5487,杀虫剂
5488,杀虫剂
5489,杀虫剂
5490,杀虫剂
5492,杀虫剂
5500,杀虫剂
5501,杀虫剂
5508,杀虫剂
5509,杀虫剂
5540,杀虫剂
5546,杀虫剂
5549,杀虫剂
5558,杀虫剂
5564,杀虫剂
5573,杀虫剂
5574,杀虫剂
5576,杀虫剂
5585,杀虫剂
5586,杀虫剂
5588,杀虫剂
5603,杀虫剂
5612,杀虫剂
5613,杀虫剂
5616,杀虫剂
5625,杀虫剂
5626,杀虫剂
5638,杀虫剂
5644,杀虫剂
5645,杀虫剂
5662,杀虫剂
5793,杀虫剂
5794,杀虫剂
5795,杀虫剂
402,杀菌剂
4290,杀虫剂
4351,杀虫剂
4371,杀虫剂
4424,杀虫剂
4709,杀虫剂
6000,杀虫剂
6006,杀虫剂
8411,杀虫剂
10709,杀虫剂
10791,杀虫剂
10805,杀虫剂
10976,杀虫剂
12708,杀虫剂
1168,除草剂
1169,除草剂
1170,除草剂
1173,除草剂
1182,除草剂
1219,除草剂
1230,除草剂
1231,除草剂
1277,除草剂
1278,除草剂
1279,除草剂
1284,除草剂
2065,除草剂
2072,除草剂
6795,除草剂
6800,除草剂
6811,除草剂
7046,除草剂
5828,杀虫剂
5829,杀虫剂
5830,杀虫剂
5831,杀虫剂
5832,杀虫剂
5833,杀虫剂
5834,杀虫剂
7772,杀虫剂
7773,杀虫剂
7774,杀虫剂
7775,杀虫剂
7776,杀虫剂
7777,杀虫剂
934,杀虫剂
935,杀虫剂
936,杀虫剂
937,杀虫剂
938,杀虫剂
939,杀虫剂
940,杀虫剂
2813,杀虫剂
2870,杀虫剂
2981,杀虫剂
4900,杀虫剂
5220,杀虫剂
5226,杀虫剂
5698,杀虫剂
5699,杀虫剂
5700,杀虫剂
5701,杀虫剂
5702,杀虫剂
5703,杀虫剂
5704,杀虫剂
5715,杀虫剂
5836,杀虫剂
5837,杀虫剂
5838,杀虫剂
5839,杀虫剂
5840,杀虫剂
5841,杀虫剂
5842,杀虫剂
5849,杀虫剂
5944,杀虫剂
6043,杀虫剂
6711,杀虫剂
9559,杀虫剂
9560,杀虫剂
9561,杀虫剂
9562,杀虫剂
11355,杀虫剂
11356,杀虫剂
11357,杀虫剂
11358,杀虫剂
910,杀虫剂
911,杀虫剂
912,杀虫剂
915,杀虫剂
919,杀虫剂
2499,杀虫剂
2502,杀虫剂
2508,杀虫剂
2524,杀虫剂
2539,杀虫剂
2543,杀虫剂
2553,杀虫剂
2567,杀虫剂
2573,杀虫剂
2574,杀虫剂
2606,杀虫剂
2609,杀虫剂
2612,杀虫剂
2616,杀虫剂
2625,杀虫剂
2633,杀虫剂
2634,杀虫剂
2645,杀虫剂
2653,杀虫剂
2664,杀虫剂
2677,杀虫剂
2691,杀虫剂
2695,杀虫剂
2696,杀虫剂
2722,杀虫剂
2727,杀虫剂
2730,杀虫剂
2739,杀虫剂
2757,杀虫剂
2766,杀虫剂
2770,杀虫剂
2783,杀虫剂
2798,杀虫剂
2799,杀虫剂
2806,杀虫剂
2829,杀虫剂
2836,杀虫剂
2868,杀虫剂
2869,杀虫剂
2878,杀虫剂
2885,杀虫剂
2897,杀虫剂
2905,杀虫剂
2916,杀虫剂
2929,杀虫剂
2937,杀虫剂
2977,杀虫剂
2979,杀虫剂
2984,杀虫剂
2992,杀虫剂
3020,杀虫剂
3021,杀虫剂
3039,杀虫剂
3040,杀虫剂
3043,杀虫剂
3044,杀虫剂
3057,杀虫剂
3058,杀虫剂
3064,杀虫剂
3093,杀虫剂
3105,杀虫剂
3123,杀虫剂
3255,杀虫剂
3292,杀虫剂
3297,杀虫剂
5491,杀虫剂
5504,杀虫剂
5506,杀虫剂
5514,杀虫剂
5535,杀虫剂
5559,杀虫剂
5570,杀虫剂
5577,杀虫剂
5579,杀虫剂
5595,杀虫剂
5619,杀虫剂
5722,杀虫剂
5723,杀虫剂
5724,杀虫剂
5725,杀虫剂
5726,杀虫剂
5727,杀虫剂
5728,杀虫剂
5729,杀虫剂
5730,杀虫剂
5731,杀虫剂
5732,杀虫剂
5733,杀虫剂
5734,杀虫剂
5735,杀虫剂
5736,杀虫剂
5737,杀虫剂
5738,杀虫剂
5739,杀虫剂
5740,杀虫剂
5741,杀虫剂
5742,杀虫剂
5743,杀虫剂
5744,杀虫剂
5745,杀虫剂
5746,杀虫剂
5747,杀虫剂
5748,杀虫剂
5749,杀虫剂
5750,杀虫剂
5751,杀虫剂
5752,杀虫剂
5753,杀虫剂
5754,杀虫剂
5755,杀虫剂
5756,杀虫剂
5757,杀虫剂
5758,杀虫剂
5759,杀虫剂
5760,杀虫剂
5761,杀虫剂
5762,杀虫剂
5763,杀虫剂
5764,杀虫剂
5765,杀虫剂
5766,杀虫剂
5767,杀虫剂
5768,杀虫剂
5769,杀虫剂
5770,杀虫剂
5771,杀虫剂
5772,杀虫剂
5773,杀虫剂
5774,杀虫剂
5775,杀虫剂
5790,杀虫剂
6718,杀虫剂
6719,杀虫剂
6720,杀虫剂
6721,杀虫剂
6722,杀虫剂
6723,杀虫剂
6724,杀虫剂
6725,杀虫剂
6726,杀虫剂
6727,杀虫剂
6728,杀虫剂
6729,杀虫剂
6730,杀虫剂
6731,杀虫剂
6732,杀虫剂
6733,杀虫剂
6734,杀虫剂
6735,杀虫剂
6736,杀虫剂
6737,杀虫剂
6738,杀虫剂
6739,杀虫剂
6740,杀虫剂
6741,杀虫剂
6742,杀虫剂
6743,杀虫剂
6744,杀虫剂
6745,杀虫剂
6746,杀虫剂
6747,杀虫剂
6748,杀虫剂
6749,杀虫剂
6750,杀虫剂
6751,杀虫剂
6752,杀虫剂
6753,杀虫剂
6754,杀虫剂
6755,杀虫剂
6756,杀虫剂
6757,杀虫剂
6758,杀虫剂
6759,杀虫剂
6760,杀虫剂
6761,杀虫剂
6763,杀虫剂
6764,杀虫剂
6765,杀虫剂
6766,杀虫剂
6767,杀虫剂
6771,杀虫剂
6772,杀虫剂
6773,杀虫剂
6774,杀虫剂
6775,杀虫剂
6790,杀虫剂
4688,杀虫剂
4689,杀虫剂
4690,杀虫剂
4691,杀虫剂
4692,杀虫剂
4693,杀虫剂
4694,杀虫剂
4695,杀虫剂
4696,杀虫剂
4697,杀虫剂
4698,杀虫剂
4699,杀虫剂
4700,杀虫剂
4701,杀虫剂
4702,杀虫剂
4703,杀虫剂
4704,杀虫剂
4705,杀虫剂
4706,杀虫剂
4707,杀虫剂
4708,杀虫剂
5677,杀虫剂
5678,杀虫剂
5679,杀虫剂
5680,杀虫剂
5681,杀虫剂
5682,杀虫剂
5683,杀虫剂
5684,杀虫剂
5685,杀虫剂
5686,杀虫剂
5687,杀虫剂
5688,杀虫剂
5689,杀虫剂
5690,杀虫剂
5691,杀虫剂
5692,杀虫剂
5693,杀虫剂
5694,杀虫剂
5695,杀虫剂
5696,杀虫剂
5697,杀虫剂
8799,杀虫剂
8800,杀虫剂
8801,杀虫剂
8802,杀虫剂
8803,杀虫剂
8804,杀虫剂
8805,杀虫剂
8806,杀虫剂
8807,杀虫剂
8808,杀虫剂
8809,杀虫剂
8810,杀虫剂
8811,杀虫剂
8812,杀虫剂
8813,杀虫剂
8814,杀虫剂
8815,杀虫剂
8816,杀虫剂
8817,杀虫剂
8818,杀虫剂
8819,杀虫剂
9537,杀虫剂
9538,杀虫剂
9539,杀虫剂
9540,杀虫剂
9541,杀虫剂
9542,杀虫剂
9543,杀虫剂
9544,杀虫剂
9545,杀虫剂
9546,杀虫剂
9547,杀虫剂
9548,杀虫剂
9549,杀虫剂
9550,杀虫剂
9551,杀虫剂
9552,杀虫剂
9553,杀虫剂
9554,杀虫剂
9555,杀虫剂
9556,杀虫剂
9557,杀虫剂
7099,除草剂
7100,除草剂
7201,除草剂
7829,除草剂
7830,除草剂
7946,除草剂
7986,除草剂
11796,除草剂
12128,除草剂
12129,除草剂
12188,除草剂
12191,除草剂
953,杀菌剂
6219,杀菌剂
51,除草剂
355,除草剂
623,除草剂
812,除草剂
907,除草剂
1335,除草剂
1351,除草剂
1858,除草剂
1889,除草剂
1890,除草剂
1891,除草剂
1893,除草剂
1897,除草剂
1899,除草剂
1900,除草剂
1965,除草剂
1966,除草剂
2084,除草剂
2110,除草剂
7062,除草剂
7219,除草剂
7220,除草剂
7222,除草剂
7387,除草剂
7515,除草剂
7570,除草剂
7845,除草剂
7967,除草剂
11965,除草剂
12136,除草剂
12137,除草剂
12189,除草剂
222,杀菌剂
3447,杀菌剂
3481,杀菌剂
3513,杀菌剂
3514,杀菌剂
3573,杀菌剂
3592,杀菌剂
3620,杀菌剂
3664,杀菌剂
3711,杀菌剂
3725,杀菌剂
3747,杀菌剂
3754,杀菌剂
3796,杀菌剂
3823,杀菌剂
3831,杀菌剂
4000,杀菌剂
4017,杀菌剂
4018,杀菌剂
4019,杀菌剂
4020,杀菌剂
4021,杀菌剂
4022,杀菌剂
4023,杀菌剂
4024,杀菌剂
4025,杀菌剂
4026,杀菌剂
4027,杀菌剂
4028,杀菌剂
4029,杀菌剂
4030,杀菌剂
4031,杀菌剂
4032,杀菌剂
4033,杀菌剂
4034,杀菌剂
4035,杀菌剂
4036,杀菌剂
4037,杀菌剂
4038,杀菌剂
4039,杀菌剂
4040,杀菌剂
4041,杀菌剂
4042,杀菌剂
6056,杀菌剂
6058,杀菌剂
6080,杀菌剂
6083,杀菌剂
6087,杀菌剂
6093,杀菌剂
6094,杀菌剂
6095,杀菌剂
6096,杀菌剂
6099,杀菌剂
6108,杀菌剂
6118,杀菌剂
6120,杀菌剂
6125,杀菌剂
6130,杀菌剂
6131,杀菌剂
6145,杀菌剂
6170,杀菌剂
6186,杀菌剂
6187,杀菌剂
6194,杀菌剂
6216,杀菌剂
6220,杀菌剂
6222,杀菌剂
6231,杀菌剂
6238,杀菌剂
6244,杀菌剂
6268,杀菌剂
6272,杀菌剂
6278,杀菌剂
6279,杀菌剂
6285,杀菌剂
6290,杀菌剂
6292,杀菌剂
6399,杀菌剂
6411,杀菌剂
6425,杀菌剂
6445,杀菌剂
6455,杀菌剂
6465,杀菌剂
6541,杀菌剂
6638,杀菌剂
6671,杀菌剂
6672,杀菌剂
6673,杀菌剂
6674,杀菌剂
6675,杀菌剂
6676,杀菌剂
6677,杀菌剂
6678,杀菌剂
6679,杀菌剂
6680,杀菌剂
6681,杀菌剂
6682,杀菌剂
6683,杀菌剂
6684,杀菌剂
6685,杀菌剂
6686,杀菌剂
6687,杀菌剂
6688,杀菌剂
6689,杀菌剂
6690,杀菌剂
6691,杀菌剂
6692,杀菌剂
6693,杀菌剂
6694,杀菌剂
6695,杀菌剂
6696,杀菌剂
7389,杀菌剂
8319,杀菌剂
8325,杀菌剂
8331,杀菌剂
8332,杀菌剂
8333,杀菌剂
8343,杀菌剂
8383,杀菌剂
8384,杀菌剂
8385,杀菌剂
8386,杀菌剂
8387,杀菌剂
8388,杀菌剂
8389,杀菌剂
8390,杀菌剂
8391,杀菌剂
8392,杀菌剂
8393,杀菌剂
8394,杀菌剂
8395,杀菌剂
8396,杀菌剂
8397,杀菌剂
8398,杀菌剂
8399,杀菌剂
8400,杀菌剂
8401,杀菌剂
8402,杀菌剂
8403,杀菌剂
8404,杀菌剂
8405,杀菌剂
8406,杀菌剂
8407,杀菌剂
8408,杀菌剂
8409,杀菌剂
9184,杀菌剂
11429,杀菌剂
13666,杀菌剂
149,杀菌剂
204,杀虫剂
4232,杀虫剂
50,除草剂
620,除草剂
621,除草剂
622,除草剂
1076,除草剂
1077,除草剂
1078,除草剂
1079,除草剂
1080,除草剂
1302,除草剂
1610,除草剂
1611,除草剂
1612,除草剂
1613,除草剂
1614,除草剂
1615,除草剂
1761,除草剂
1829,除草剂
2141,除草剂
6885,除草剂
6964,除草剂
9580,除草剂
9581,除草剂
9582,除草剂
9583,除草剂
9584,除草剂
9585,除草剂
819,除草剂
820,除草剂
821,除草剂
822,除草剂
823,除草剂
824,除草剂
825,除草剂
1346,除草剂
7618,除草剂
7619,除草剂
7620,除草剂
7621,除草剂
7622,除草剂
7623,除草剂
7624,除草剂
7850,除草剂
11971,除草剂
11972,除草剂
11973,除草剂
11974,除草剂
11975,除草剂
11976,除草剂
11977,除草剂
12138,除草剂
79,杀虫剂
201,杀虫剂
4442,杀虫剂
5230,杀虫剂
6016,杀虫剂
10827,杀虫剂
12013,杀虫剂
13005,杀虫剂
206,杀虫剂
551,杀虫剂
553,杀虫剂
4495,杀虫剂
4682,杀虫剂
5286,杀虫剂
6034,杀虫剂
12704,杀虫剂
344,杀虫剂
345,杀虫剂
346,杀虫剂
347,杀虫剂
348,杀虫剂
349,杀虫剂
350,杀虫剂
351,杀虫剂
719,杀虫剂
721,杀虫剂
723,杀虫剂
724,杀虫剂
725,杀虫剂
726,杀虫剂
727,杀虫剂
732,杀虫剂
733,杀虫剂
736,杀虫剂
739,杀虫剂
744,杀虫剂
4180,杀虫剂
4210,杀虫剂
4383,杀虫剂
4871,杀虫剂
4879,杀虫剂
4925,杀虫剂
4938,杀虫剂
4943,杀虫剂
4961,杀虫剂
4962,杀虫剂
4981,杀虫剂
4986,杀虫剂
4997,杀虫剂
5000,杀虫剂
5016,杀虫剂
5036,杀虫剂
5056,杀虫剂
5060,杀虫剂
5066,杀虫剂
5079,杀虫剂
5103,杀虫剂
5121,杀虫剂
5130,杀虫剂
5140,杀虫剂
5158,杀虫剂
5172,杀虫剂
5179,杀虫剂
5197,杀虫剂
5279,杀虫剂
5295,杀虫剂
5374,杀虫剂
5375,杀虫剂
5376,杀虫剂
5377,杀虫剂
5378,杀虫剂
5379,杀虫剂
5816,杀虫剂
5817,杀虫剂
5818,杀虫剂
5820,杀虫剂
5822,杀虫剂
5910,杀虫剂
5930,杀虫剂
5936,杀虫剂
5943,杀虫剂
5960,杀虫剂
5962,杀虫剂
5963,杀虫剂
5964,杀虫剂
5981,杀虫剂
5986,杀虫剂
5990,杀虫剂
5994,杀虫剂
5995,杀虫剂
6002,杀虫剂
6007,杀虫剂
6012,杀虫剂
6014,杀虫剂
6018,杀虫剂
6023,杀虫剂
6050,杀虫剂
7506,杀虫剂
7507,杀虫剂
7508,杀虫剂
7509,杀虫剂
7510,杀虫剂
7511,杀虫剂
11915,杀虫剂
11916,杀虫剂
11917,杀虫剂
11918,杀虫剂
11919,杀虫剂
11920,杀虫剂
922,杀虫剂
3060,杀虫剂
4114,杀虫剂
4127,杀虫剂
4457,杀虫剂
4465,杀虫剂
4497,杀虫剂
4536,杀虫剂
4619,杀虫剂
4856,杀虫剂
4874,杀虫剂
4880,杀虫剂
4883,杀虫剂
4899,杀虫剂
4914,杀虫剂
4916,杀虫剂
4917,杀虫剂
4924,杀虫剂
4941,杀虫剂
5272,杀虫剂
5294,杀虫剂
5324,杀虫剂
5353,杀虫剂
5850,杀虫剂
5851,杀虫剂
5852,杀虫剂
5853,杀虫剂
5892,杀虫剂
6762,杀虫剂
6768,杀虫剂
6769,杀虫剂
6770,杀虫剂
7758,杀虫剂
7759,杀虫剂
10077,杀虫剂
10845,杀虫剂
10856,杀虫剂
11002,杀虫剂
11005,杀虫剂
11006,杀虫剂
11007,杀虫剂
11283,杀虫剂
11300,杀虫剂
11827,杀虫剂
11828,杀虫剂
12097,杀虫剂
12100,杀虫剂
12103,杀虫剂
81,杀虫剂
82,杀虫剂
83,杀虫剂
84,杀虫剂
85,杀虫剂
86,杀虫剂
87,杀虫剂
88,杀虫剂
89,杀虫剂
90,杀虫剂
91,杀虫剂
92,杀虫剂
93,杀虫剂
94,杀虫剂
95,杀虫剂
96,杀虫剂
97,杀虫剂
4080,杀虫剂
4107,杀虫剂
4112,杀虫剂
4121,杀虫剂
4123,杀虫剂
4136,杀虫剂
4137,杀虫剂
4139,杀虫剂
4161,杀虫剂
4171,杀虫剂
4174,杀虫剂
4182,杀虫剂
4184,杀虫剂
4196,杀虫剂
4208,杀虫剂
4215,杀虫剂
4220,杀虫剂
4234,杀虫剂
4245,杀虫剂
4257,杀虫剂
4261,杀虫剂
4262,杀虫剂
4284,杀虫剂
4292,杀虫剂
4295,杀虫剂
4298,杀虫剂
4303,杀虫剂
4312,杀虫剂
4314,杀虫剂
4317,杀虫剂
4323,杀虫剂
4324,杀虫剂
4325,杀虫剂
4328,杀虫剂
4345,杀虫剂
4347,杀虫剂
4397,杀虫剂
4409,杀虫剂
4416,杀虫剂
4462,杀虫剂
4471,杀虫剂
4511,杀虫剂
4572,杀虫剂
4583,杀虫剂
4600,杀虫剂
4616,杀虫剂
4632,杀虫剂
4710,杀虫剂
4711,杀虫剂
4712,杀虫剂
4713,杀虫剂
4714,杀虫剂
4715,杀虫剂
4716,杀虫剂
4717,杀虫剂
4718,杀虫剂
4719,杀虫剂
4720,杀虫剂
4721,杀虫剂
4722,杀虫剂
4723,杀虫剂
4724,杀虫剂
4725,杀虫剂
4726,杀虫剂
4727,杀虫剂
4728,杀虫剂
4729,杀虫剂
4730,杀虫剂
5027,杀虫剂
5337,杀虫剂
5863,杀虫剂
5864,杀虫剂
5865,杀虫剂
5866,杀虫剂
5867,杀虫剂
5868,杀虫剂
9004,杀虫剂
9005,杀虫剂
9006,杀虫剂
9007,杀虫剂
9008,杀虫剂
9009,杀虫剂
9010,杀虫剂
9011,杀虫剂
9012,杀虫剂
9013,杀虫剂
9014,杀虫剂
9015,杀虫剂
9016,杀虫剂
9017,杀虫剂
9018,杀虫剂
9019,杀虫剂
9020,杀虫剂
9021,杀虫剂
9022,杀虫剂
9023,杀虫剂
9024,杀虫剂
9025,杀虫剂
9026,杀虫剂
9027,杀虫剂
9028,杀虫剂
9029,杀虫剂
9030,杀虫剂
9031,杀虫剂
9032,杀虫剂
9033,杀虫剂
9034,杀虫剂
9035,杀虫剂
9036,杀虫剂
9037,杀虫剂
9038,杀虫剂
9039,杀虫剂
9040,杀虫剂
9041,杀虫剂
9042,杀虫剂
9043,杀虫剂
9044,杀虫剂
9045,杀虫剂
9934,杀虫剂
10250,杀虫剂
10259,杀虫剂
10474,杀虫剂
10562,杀虫剂
10645,杀虫剂
10660,杀虫剂
10909,杀虫剂
10991,杀虫剂
10992,杀虫剂
10993,杀虫剂
10994,杀虫剂
10995,杀虫剂
10996,杀虫剂
10997,杀虫剂
10998,杀虫剂
10999,杀虫剂
11000,杀虫剂
11001,杀虫剂
11008,杀虫剂
11009,杀虫剂
11010,杀虫剂
11011,杀虫剂
11012,杀虫剂
11013,杀虫剂
11717,杀虫剂
11718,杀虫剂
11719,杀虫剂
11720,杀虫剂
11721,杀虫剂
11722,杀虫剂
11723,杀虫剂
11724,杀虫剂
11725,杀虫剂
11726,杀虫剂
11727,杀虫剂
11728,杀虫剂
11729,杀虫剂
11730,杀虫剂
11731,杀虫剂
11732,杀虫剂
11733,杀虫剂
12049,杀虫剂
12053,杀虫剂
12054,杀虫剂
12055,杀虫剂
12056,杀虫剂
12058,杀虫剂
12059,杀虫剂
12060,杀虫剂
12067,杀虫剂
12069,杀虫剂
12071,杀虫剂
12072,杀虫剂
12074,杀虫剂
12077,杀虫剂
12079,杀虫剂
12081,杀虫剂
12083,杀虫剂
12664,杀虫剂
12666,杀虫剂
12668,杀虫剂
12669,杀虫剂
12674,杀虫剂
12675,杀虫剂
12676,杀虫剂
12677,杀虫剂
12678,杀虫剂
12680,杀虫剂
12681,杀虫剂
12682,杀虫剂
12684,杀虫剂
12685,杀虫剂
12686,杀虫剂
12688,杀虫剂
12690,杀虫剂
12691,杀虫剂
12700,杀虫剂
12701,杀虫剂
12702,杀虫剂
12703,杀虫剂
12705,杀虫剂
12718,杀虫剂
12719,杀虫剂
12720,杀虫剂
12721,杀虫剂
12722,杀虫剂
12723,杀虫剂
12724,杀虫剂
12725,杀虫剂
12726,杀虫剂
12727,杀虫剂
13338,杀虫剂
13339,杀虫剂
13340,杀虫剂
13341,杀虫剂
13342,杀虫剂
13343,杀虫剂
13344,杀虫剂
13345,杀虫剂
13346,杀虫剂
13347,杀虫剂
13348,杀虫剂
13440,杀虫剂
1380,除草剂
1454,除草剂
1472,除草剂
57,植物生长调节剂
58,植物生长调节剂
59,植物生长调节剂
60,植物生长调节剂
61,植物生长调节剂
62,植物生长调节剂
63,植物生长调节剂
64,植物生长调节剂
65,植物生长调节剂
66,植物生长调节剂
67,植物生长调节剂
68,植物生长调节剂
69,植物生长调节剂
70,植物生长调节剂
71,植物生长调节剂
72,植物生长调节剂
73,植物生长调节剂
74,植物生长调节剂
75,植物生长调节剂
76,植物生长调节剂
77,植物生长调节剂
78,植物生长调节剂
972,植物生长调节剂
974,植物生长调节剂
975,植物生长调节剂
976,植物生长调节剂
977,植物生长调节剂
978,植物生长调节剂
979,植物生长调节剂
980,植物生长调节剂
981,植物生长调节剂
982,植物生长调节剂
983,植物生长调节剂
984,植物生长调节剂
985,植物生长调节剂
986,植物生长调节剂
987,植物生长调节剂
988,植物生长调节剂
989,植物生长调节剂
990,植物生长调节剂
991,植物生长调节剂
992,植物生长调节剂
993,植物生长调节剂
994,植物生长调节剂
8895,植物生长调节剂
8896,植物生长调节剂
8897,植物生长调节剂
8898,植物生长调节剂
8899,植物生长调节剂
8900,植物生长调节剂
8901,植物生长调节剂
8902,植物生长调节剂
8903,植物生长调节剂
8904,植物生长调节剂
8905,植物生长调节剂
8906,植物生长调节剂
8907,植物生长调节剂
8908,植物生长调节剂
8909,植物生长调节剂
8910,植物生长调节剂
8911,植物生长调节剂
8912,植物生长调节剂
8913,植物生长调节剂
8914,植物生长调节剂
9527,植物生长调节剂
13449,植物生长调节剂
13450,植物生长调节剂
13451,植物生长调节剂
13452,植物生长调节剂
13453,植物生长调节剂
13454,植物生长调节剂
13455,植物生长调节剂
13456,植物生长调节剂
13457,植物生长调节剂
13458,植物生长调节剂
13459,植物生长调节剂
13460,植物生长调节剂
13461,植物生长调节剂
13462,植物生长调节剂
13463,植物生长调节剂
13464,植物生长调节剂
13465,植物生长调节剂
13466,植物生长调节剂
13467,植物生长调节剂
13468,植物生长调节剂
13469,植物生长调节剂
131,杀虫剂
132,杀虫剂
268,杀虫剂
270,杀虫剂
429,杀虫剂
438,杀虫剂
444,杀虫剂
703,杀虫剂
704,杀虫剂
705,杀虫剂
707,杀虫剂
708,杀虫剂
709,杀虫剂
713,杀虫剂
714,杀虫剂
715,杀虫剂
716,杀虫剂
782,杀虫剂
808,杀虫剂
4063,杀虫剂
4073,杀虫剂
4787,杀虫剂
4788,杀虫剂
4801,杀虫剂
4820,杀虫剂
4822,杀虫剂
4831,杀虫剂
4835,杀虫剂
4836,杀虫剂
5108,杀虫剂
5233,杀虫剂
5281,杀虫剂
5297,杀虫剂
5308,杀虫剂
5351,杀虫剂
5365,杀虫剂
5815,杀虫剂
6048,杀虫剂
558,杀菌剂
559,杀菌剂
560,杀菌剂
561,杀菌剂
562,杀菌剂
563,杀菌剂
564,杀菌剂
565,杀菌剂
566,杀菌剂
567,杀菌剂
568,杀菌剂
569,杀菌剂
570,杀菌剂
571,杀菌剂
572,杀菌剂
573,杀菌剂
574,杀菌剂
575,杀菌剂
576,杀菌剂
3673,杀菌剂
3790,杀菌剂
3832,杀菌剂
3949,杀菌剂
3950,杀菌剂
3951,杀菌剂
3952,杀菌剂
3953,杀菌剂
3954,杀菌剂
3955,杀菌剂
3956,杀菌剂
3957,杀菌剂
3958,杀菌剂
3959,杀菌剂
3960,杀菌剂
3961,杀菌剂
3962,杀菌剂
3963,杀菌剂
3964,杀菌剂
3965,杀菌剂
3966,杀菌剂
3967,杀菌剂
8299,杀菌剂
8300,杀菌剂
8301,杀菌剂
8302,杀菌剂
8303,杀菌剂
8304,杀菌剂
8305,杀菌剂
8306,杀菌剂
8307,杀菌剂
8308,杀菌剂
8309,杀菌剂
8310,杀菌剂
8311,杀菌剂
8312,杀菌剂
8313,杀菌剂
8314,杀菌剂
8315,杀菌剂
8316,杀菌剂
8317,杀菌剂
1074,除草剂
1719,除草剂
1720,除草剂
1721,除草剂
1724,除草剂
1806,除草剂
1807,除草剂
1808,除草剂
1809,除草剂
1810,除草剂
1811,除草剂
1812,除草剂
1995,除草剂
1997,除草剂
1998,除草剂
2001,除草剂
2002,除草剂
2008,除草剂
2019,除草剂
2020,除草剂
2022,除草剂
2030,除草剂
2114,除草剂
2168,除草剂
2169,除草剂
6951,除草剂
11640,除草剂
13160,除草剂
624,除草剂
625,除草剂
626,除草剂
9530,除草剂
9531,除草剂
9532,除草剂
13288,除草剂
13289,除草剂
13304,除草剂
627,除草剂
628,除草剂
629,除草剂
630,除草剂
3816,除草剂
3830,除草剂
9003,除草剂
9176,除草剂
3508,除草剂
3553,除草剂
3572,除草剂
3710,除草剂
3715,除草剂
3729,除草剂
3743,除草剂
3768,除草剂
3948,除草剂
3820,除草剂
3920,除草剂
3934,除草剂
3977,除草剂
3991,除草剂
6225,除草剂
6280,除草剂
6545,除草剂
6559,除草剂
6609,除草剂
6623,除草剂
6641,除草剂
9331,除草剂
9345,除草剂
11056,除草剂
11070,除草剂
11078,除草剂
141,除草剂
142,除草剂
6236,除草剂
6242,除草剂
6255,除草剂
7696,除草剂
8240,除草剂
8241,除草剂
24,除草剂
25,除草剂
26,除草剂
27,除草剂
28,除草剂
29,除草剂
30,除草剂
31,除草剂
32,除草剂
312,杀虫剂
313,杀虫剂
4683,杀虫剂
4686,杀虫剂
4687,杀虫剂
5370,杀虫剂
5371,杀虫剂
5663,杀虫剂
5664,杀虫剂
6054,杀虫剂
6055,杀虫剂
8797,杀虫剂
8798,杀虫剂
9067,杀虫剂
9068,杀虫剂
4157,杀虫剂
4175,杀虫剂
4278,杀虫剂
4326,杀虫剂
4350,杀虫剂
4359,杀虫剂
4370,杀虫剂
4558,杀虫剂
5018,杀虫剂
5061,杀虫剂
5126,杀虫剂
5131,杀虫剂
5152,杀虫剂
5154,杀虫剂
5155,杀虫剂
5163,杀虫剂
5244,杀虫剂
5273,杀虫剂
5844,杀虫剂
5845,杀虫剂
5846,杀虫剂
5847,杀虫剂
5848,杀虫剂
5975,杀虫剂
10986,杀虫剂
10987,杀虫剂
10988,杀虫剂
10989,杀虫剂
10990,杀虫剂
185,杀虫剂
186,杀虫剂
187,杀虫剂
190,杀虫剂
191,杀虫剂
285,杀虫剂
411,杀虫剂
412,杀虫剂
413,杀虫剂
415,杀虫剂
416,杀虫剂
417,杀虫剂
418,杀虫剂
419,杀虫剂
420,杀虫剂
421,杀虫剂
422,杀虫剂
423,杀虫剂
424,杀虫剂
425,杀虫剂
426,杀虫剂
430,杀虫剂
431,杀虫剂
432,杀虫剂
433,杀虫剂
434,杀虫剂
435,杀虫剂
439,杀虫剂
440,杀虫剂
442,杀虫剂
445,杀虫剂
448,杀虫剂
449,杀虫剂
763,杀虫剂
765,杀虫剂
766,杀虫剂
767,杀虫剂
768,杀虫剂
769,杀虫剂
771,杀虫剂
772,杀虫剂
774,杀虫剂
777,杀虫剂
781,杀虫剂
788,杀虫剂
789,杀虫剂
790,杀虫剂
791,杀虫剂
792,杀虫剂
795,杀虫剂
796,杀虫剂
797,杀虫剂
800,杀虫剂
801,杀虫剂
805,杀虫剂
806,杀虫剂
807,杀虫剂
809,杀虫剂
4784,杀虫剂
4785,杀虫剂
4786,杀虫剂
4789,杀虫剂
4793,杀虫剂
4794,杀虫剂
4796,杀虫剂
4797,杀虫剂
4799,杀虫剂
4805,杀虫剂
4806,杀虫剂
4813,杀虫剂
4814,杀虫剂
4815,杀虫剂
4819,杀虫剂
4821,杀虫剂
4823,杀虫剂
4825,杀虫剂
4826,杀虫剂
4828,杀虫剂
4830,杀虫剂
4839,杀虫剂
4840,杀虫剂
4841,杀虫剂
4845,杀虫剂
4860,杀虫剂
4864,杀虫剂
4896,杀虫剂
4897,杀虫剂
4915,杀虫剂
4927,杀虫剂
4934,杀虫剂
4952,杀虫剂
4971,杀虫剂
4979,杀虫剂
4982,杀虫剂
4988,杀虫剂
4992,杀虫剂
5024,杀虫剂
5034,杀虫剂
5040,杀虫剂
5044,杀虫剂
5047,杀虫剂
5054,杀虫剂
5062,杀虫剂
5073,杀虫剂
5080,杀虫剂
5084,杀虫剂
5090,杀虫剂
5091,杀虫剂
5109,杀虫剂
5113,杀虫剂
5115,杀虫剂
5128,杀虫剂
5133,杀虫剂
5136,杀虫剂
5148,杀虫剂
5151,杀虫剂
5153,杀虫剂
5156,杀虫剂
5159,杀虫剂
5160,杀虫剂
5162,杀虫剂
5166,杀虫剂
5168,杀虫剂
5170,杀虫剂
5178,杀虫剂
5183,杀虫剂
5184,杀虫剂
5190,杀虫剂
5195,杀虫剂
5198,杀虫剂
5204,杀虫剂
5206,杀虫剂
5207,杀虫剂
5208,杀虫剂
5209,杀虫剂
5210,杀虫剂
5215,杀虫剂
5216,杀虫剂
5221,杀虫剂
5232,杀虫剂
5240,杀虫剂
5243,杀虫剂
5247,杀虫剂
5259,杀虫剂
5260,杀虫剂
5275,杀虫剂
5280,杀虫剂
5282,杀虫剂
5291,杀虫剂
5299,杀虫剂
5300,杀虫剂
5303,杀虫剂
5314,杀虫剂
5325,杀虫剂
5326,杀虫剂
5334,杀虫剂
5340,杀虫剂
5346,杀虫剂
5874,杀虫剂
5881,杀虫剂
5882,杀虫剂
5883,杀虫剂
5888,杀虫剂
5889,杀虫剂
5896,杀虫剂
5901,杀虫剂
5906,杀虫剂
5920,杀虫剂
5928,杀虫剂
5950,杀虫剂
5965,杀虫剂
5968,杀虫剂
5972,杀虫剂
5977,杀虫剂
5978,杀虫剂
5979,杀虫剂
6029,杀虫剂
6032,杀虫剂
6038,杀虫剂
9097,杀虫剂
9098,杀虫剂
9099,杀虫剂
9260,杀虫剂
9261,杀虫剂
9262,杀虫剂
9263,杀虫剂
9264,杀虫剂
9904,杀虫剂
9908,杀虫剂
9909,杀虫剂
9910,杀虫剂
9914,杀虫剂
7657,杀虫剂
7658,杀虫剂
8412,杀虫剂
8413,杀虫剂
8414,杀虫剂
8415,杀虫剂
12643,杀虫剂
12644,杀虫剂
12645,杀虫剂
12646,杀虫剂
293,杀虫剂
548,杀虫剂
735,杀虫剂
1053,杀虫剂
5872,杀虫剂
9442,杀虫剂
11177,杀虫剂
4211,杀虫剂
4570,杀虫剂
4842,杀虫剂
4851,杀虫剂
4853,杀虫剂
4877,杀虫剂
4887,杀虫剂
4926,杀虫剂
4970,杀虫剂
5003,杀虫剂
5026,杀虫剂
5048,杀虫剂
5065,杀虫剂
5077,杀虫剂
5085,杀虫剂
5087,杀虫剂
5092,杀虫剂
5093,杀虫剂
5118,杀虫剂
5173,杀虫剂
5218,杀虫剂
5246,杀虫剂
5262,杀虫剂
5543,杀虫剂
9821,杀虫剂
9936,杀虫剂
10116,杀虫剂
7761,杀虫剂
134,杀虫剂
583,杀虫剂
588,杀虫剂
589,杀虫剂
590,杀虫剂
591,杀虫剂
592,杀虫剂
593,杀虫剂
594,杀虫剂
927,杀虫剂
928,杀虫剂
929,杀虫剂
930,杀虫剂
931,杀虫剂
932,杀虫剂
933,杀虫剂
2517,杀虫剂
2620,杀虫剂
2670,杀虫剂
2692,杀虫剂
2759,杀虫剂
2800,杀虫剂
3034,杀虫剂
3077,杀虫剂
3130,杀虫剂
5572,杀虫剂
5600,杀虫剂
5669,杀虫剂
5670,杀虫剂
5671,杀虫剂
5672,杀虫剂
5673,杀虫剂
5674,杀虫剂
5675,杀虫剂
5676,杀虫剂
7766,杀虫剂
7767,杀虫剂
7768,杀虫剂
7769,杀虫剂
7770,杀虫剂
7771,杀虫剂
7926,杀虫剂
7927,杀虫剂
9226,杀虫剂
9252,杀虫剂
9253,杀虫剂
9254,杀虫剂
9255,杀虫剂
9256,杀虫剂
9257,杀虫剂
12251,杀虫剂
12252,杀虫剂
656,杀菌剂
4731,杀菌剂
4777,杀菌剂
5803,杀菌剂
13,杀菌剂
879,杀菌剂
9368,杀菌剂
13650,杀菌剂
883,杀菌剂
1306,除草剂
1325,除草剂
1359,除草剂
3879,杀菌剂
6057,杀菌剂
6079,杀菌剂
6090,杀菌剂
7344,杀菌剂
7638,杀菌剂
6356,杀菌剂
6407,杀菌剂
6453,杀菌剂
6471,杀菌剂
6524,杀菌剂
178,杀菌剂
3387,杀菌剂
6319,杀菌剂
6324,杀菌剂
6385,杀菌剂
6412,杀菌剂
6490,杀菌剂
7630,杀菌剂
183,杀菌剂
3372,杀菌剂
3389,杀菌剂
6338,杀菌剂
8284,杀菌剂
8423,杀菌剂
6428,杀菌剂
3568,杀菌剂
151,杀菌剂
173,杀菌剂
827,杀菌剂
876,杀菌剂
6078,杀菌剂
6461,杀菌剂
6516,杀菌剂
7677,杀菌剂
8430,杀菌剂
875,杀菌剂
6074,杀菌剂
6419,杀菌剂
6538,杀菌剂
11427,杀菌剂
3195,杀虫剂
3204,杀虫剂
5657,杀虫剂
282,杀虫剂
4100,杀虫剂
4165,杀虫剂
14,杀菌剂
15,杀菌剂
16,杀菌剂
17,杀菌剂
18,杀菌剂
19,杀菌剂
20,杀菌剂
21,杀菌剂
22,杀菌剂
23,杀菌剂
33,杀菌剂
34,杀菌剂
833,杀菌剂
838,杀菌剂
881,杀菌剂
882,杀菌剂
884,杀菌剂
887,杀菌剂
890,杀菌剂
3742,杀菌剂
3765,杀菌剂
3946,杀菌剂
3947,杀菌剂
6247,杀菌剂
6261,杀菌剂
6571,杀菌剂
6572,杀菌剂
9160,杀菌剂
11836,杀菌剂
11837,杀菌剂
13594,杀菌剂
155,杀菌剂
826,杀菌剂
3381,杀菌剂
3384,杀菌剂
3406,杀菌剂
3415,杀菌剂
3609,杀菌剂
6086,杀菌剂
6154,杀菌剂
6283,杀菌剂
6286,杀菌剂
6354,杀菌剂
6380,杀菌剂
6401,杀菌剂
6491,杀菌剂
6492,杀菌剂
6536,杀菌剂
7640,杀菌剂
8287,杀菌剂
4005,杀菌剂